tweet_id,tweet_url,tweet_date,user_id,user_url,user_name,user_created,tweet_content,tweet_views,UserId,Party,Member
1770197632058839134,https://twitter.com/CoryBooker/status/1770197632058839134,2024-03-19 21:16:18+00:00,15808765,https://twitter.com/CoryBooker,CoryBooker,2008-08-11T14:41:16+00:00,"The United States — the land of the free — is home to 1 in 3 women incarcerated worldwide. We are also home to the highest maternal mortality rates among high-income nations, and the risk is even greater for incarcerated pregnant women. That's why Lauren Underwood, Alma Adams, Ayanna Pressley, and I are championing a bill to end the inhumane practice of shackling pregnant people in prison. It's time for federal action to protect lives and uphold people’s dignity.",43354.0,15808765.0,D,S
1754292307677913264,https://twitter.com/ChrisMurphyCT/status/1754292307677913264,2024-02-04 23:54:13+00:00,150078976,https://twitter.com/ChrisMurphyCT,ChrisMurphyCT,2010-05-31T01:22:43+00:00,"5/ A requirement the President to funnel asylum claims to the land ports of entry when more than 5,000 people cross a day. The border never closes, but claims must be processed at the ports.

This allows for a more a more orderly, humane asylum processing system.",1176964.0,150078976.0,D,S
1767680250744377842,https://twitter.com/SenJackReed/status/1767680250744377842,2024-03-12 22:33:08+00:00,486694111,https://twitter.com/SenJackReed,SenJackReed,2012-02-08T15:24:01+00:00,"ALL RISE! The U.S. Senate just voted to confirm Rhode Island District Court Associate Judge Melissa R. DuBose, of Providence, to the U.S. District Court for the District of Rhode Island. Judge DuBose will make an outstanding addition to the federal bench! https://t.co/vVuzywsG6Q",13089.0,486694111.0,D,S
1756055716148674638,https://twitter.com/SenJackReed/status/1756055716148674638,2024-02-09 20:41:23+00:00,486694111,https://twitter.com/SenJackReed,SenJackReed,2012-02-08T15:24:01+00:00,"HELP WANTED: Do you have a passion for nature, history &amp; public service? The @NatlParkService is staffing up in RI &amp; across the country. Learn more about job openings &amp; application process: https://t.co/deGeuGTpHQ",3918.0,486694111.0,D,S
1745101859205841154,https://twitter.com/SenWhitehouse/status/1745101859205841154,2024-01-10 15:14:40+00:00,242555999,https://twitter.com/SenWhitehouse,SenWhitehouse,2011-01-25T01:52:03+00:00,"It’s official: @POTUS has nominated Judge Melissa R. DuBose of Providence to the U.S. District Court for the District of Rhode Island.

Proud to have recommended this distinguished candidate with @SenJackReed, and I look forward to her nomination coming before @JudiciaryDems.",29318.0,242555999.0,D,S
1773429524392194383,https://twitter.com/PattyMurray/status/1773429524392194383,2024-03-28 19:18:41+00:00,293131808,https://twitter.com/PattyMurray,PattyMurray,2011-05-04T20:23:35+00:00,Today I led 257 members of Congress in an amicus brief urging SCOTUS to find the federal law EMTALA requires hospitals to provide emergency stabilizing care—including emergency abortion care—regardless of Idaho’s draconian abortion restrictions.,55936.0,293131808.0,D,S
1744741334802665728,https://twitter.com/SenWarren/status/1744741334802665728,2024-01-09 15:22:04+00:00,970207298,https://twitter.com/SenWarren,SenWarren,2012-11-25T15:14:27+00:00,"America is in the middle of a full-blown housing crisis. There are a lot of ways to measure it, but I’ll start with the most basic: We are 7 million units short of what we need to house people. What can we do? Increase the housing supply. It's plain old Econ 101.",1664907.0,970207298.0,D,S
1755373373889396957,https://twitter.com/SenAlexPadilla/status/1755373373889396957,2024-02-07 23:30:00+00:00,1351236267707654145,https://twitter.com/SenAlexPadilla,SenAlexPadilla,2021-01-18T18:34:30+00:00,"I've said it before: we can NOT cave to Republican demands for extreme, Trumpian immigration policies in exchange for aid to our allies.

@RepBarragan and I share our thoughts on Republicans choosing chaos over solutions below. https://t.co/2EwREsRr62 https://t.co/jg5UxIQG61",46138.0,1.351236267707654e+18,D,S
1780677232643522712,https://twitter.com/timkaine/status/1780677232643522712,2024-04-17 19:18:30+00:00,172858784,https://twitter.com/timkaine,timkaine,2010-07-30T20:00:32+00:00,"Let's call the Mayorkas impeachment by what it is: a political stunt.

If Republicans actually wanted to do something about the border, they had the chance with our bipartisan bill.

Instead, they walked away because Donald Trump told them to.",103531.0,172858784.0,D,S
1771995277546725618,https://twitter.com/MarkWarner/status/1771995277546725618,2024-03-24 20:19:30+00:00,7429102,https://twitter.com/MarkWarner,MarkWarner,2007-07-12T14:03:33+00:00,"I’m deeply glad we got government funding done and averted a costly shutdown. Now, it’s time to focus on keeping our promises to partners abroad and renewing our aid to Ukraine.",24802.0,7429102.0,D,S
1768352647776764385,https://twitter.com/MarkWarner/status/1768352647776764385,2024-03-14 19:05:00+00:00,7429102,https://twitter.com/MarkWarner,MarkWarner,2007-07-12T14:03:33+00:00,"In my 14 years in the Senate, I can’t think of a more historic decision we’ve faced than continuing to stand with Ukraine.

The future of Europe is at risk here. Putin’s ambitions will only grow if he isn’t stopped now. The House needs to get it together and act.",167338.0,7429102.0,D,S
1765016542234689681,https://twitter.com/timkaine/status/1765016542234689681,2024-03-05 14:08:30+00:00,172858784,https://twitter.com/timkaine,timkaine,2010-07-30T20:00:32+00:00,"Thrilled that my guest to POTUS's State of the Union address will be Elizabeth Carr, the first person born via IVF in the U.S. (right here in Norfolk, VA).

As IVF comes under threat from GOP extremists, Elizabeth's story stands as a beacon of hope—sharing it is critical.",85141.0,172858784.0,D,S
1763228357511000277,https://twitter.com/SenDuckworth/status/1763228357511000277,2024-02-29 15:42:54+00:00,1058520120,https://twitter.com/SenDuckworth,SenDuckworth,2013-01-03T18:59:33+00:00,"Republicans might SAY they support IVF, but their actions tell another story...",49428.0,1058520120.0,D,S
1763025682672578581,https://twitter.com/timkaine/status/1763025682672578581,2024-02-29 02:17:32+00:00,172858784,https://twitter.com/timkaine,timkaine,2010-07-30T20:00:32+00:00,"Senate Democrats tried (again) to pass a bill to protect access to IVF.

Republicans blocked it (again).

They spent all week pretending like they want to protect IVF.

Today’s vote shows it was all a charade.",379287.0,172858784.0,D,S
1762967617764004242,https://twitter.com/SenDuckworth/status/1762967617764004242,2024-02-28 22:26:49+00:00,1058520120,https://twitter.com/SenDuckworth,SenDuckworth,2013-01-03T18:59:33+00:00,"BREAKING: After days of publicly claiming to support IVF in the wake of the Alabama Supreme Court ruling, Senate Republicans just blocked my legislation to protect access to IVF nationwide.",3057476.0,1058520120.0,D,S
1762934911961313711,https://twitter.com/SenSchumer/status/1762934911961313711,2024-02-28 20:16:51+00:00,17494010,https://twitter.com/SenSchumer,SenSchumer,2008-11-19T20:10:20+00:00,"I was so proud to author the original Brady Bill in the House

And 30 years ago today, it went into effect

One of the most significant and effective pieces of gun safety legislation ever

But the work is far from over:

Dems remain committed to ending gun violence in America https://t.co/Pg2tXq1b3y",48323.0,17494010.0,D,S
1761785533947154615,https://twitter.com/MarkWarner/status/1761785533947154615,2024-02-25 16:09:38+00:00,7429102,https://twitter.com/MarkWarner,MarkWarner,2007-07-12T14:03:33+00:00,"Folks, we’re less than a week out from a partial government shutdown. This isn’t a game. Federal workers will miss paychecks. Others will lose out on key federal benefits.
 
House Republicans need to stop gambling with hardworking Americans’ livelihoods.",68430.0,7429102.0,D,S
1761158280217608292,https://twitter.com/SenTinaSmith/status/1761158280217608292,2024-02-23 22:37:09+00:00,941000686275387392,https://twitter.com/SenTinaSmith,SenTinaSmith,2017-12-13T17:43:41+00:00,"Actions speak louder than words. May I remind everyone that we actually tried to pass a bill protecting IVF just over a year ago?
 
Republicans blocked it.",447844.0,9.410006862753874e+17,D,S
1757129135355285566,https://twitter.com/MarkWarner/status/1757129135355285566,2024-02-12 19:46:46+00:00,7429102,https://twitter.com/MarkWarner,MarkWarner,2007-07-12T14:03:33+00:00,"Great morning celebrating a $42 million investment in testing &amp; expanding OpenRAN capabilities. While you may not have heard of it yet, OpenRAN is a defining tool to protect American innovation, national security, and our economy, so I’m looking forward to even more investments! https://t.co/czzmHGp0IF",8432.0,7429102.0,D,S
1754936519251435783,https://twitter.com/ChrisMurphyCT/status/1754936519251435783,2024-02-06 18:34:05+00:00,150078976,https://twitter.com/ChrisMurphyCT,ChrisMurphyCT,2010-05-31T01:22:43+00:00,"Nobody had more optimism than me that Republicans would do the right thing and vote for our bipartisan bill to fix the border and fund Ukraine.

But today we found out - Republicans chose Trump. They want border chaos because it helps his campaign.

That’s all that matters. https://t.co/v7R4VmyC99",913054.0,150078976.0,D,S
1755627849636007988,https://twitter.com/MarkWarner/status/1755627849636007988,2024-02-08 16:21:11+00:00,7429102,https://twitter.com/MarkWarner,MarkWarner,2007-07-12T14:03:33+00:00,I’m disappointed to see the Commerce Cmte add additional slots at DCA to this year’s FAA reauthorization. Cramming more flights onto the busiest runway in America is a bad idea. We can’t let backroom deal-making by out-of-region senators steamroll the needs of DMV residents.,169598.0,7429102.0,D,S
1754676776205181430,https://twitter.com/MarkWarner/status/1754676776205181430,2024-02-06 01:21:58+00:00,7429102,https://twitter.com/MarkWarner,MarkWarner,2007-07-12T14:03:33+00:00,"They asked for significant changes to immigration policy… we gave it to them. 

They asked for 72 hours to read the bill… we gave it to them. 

What now?",497116.0,7429102.0,D,S
1752761150092034206,https://twitter.com/SenBobCasey/status/1752761150092034206,2024-01-31 18:29:57+00:00,171598736,https://twitter.com/SenBobCasey,SenBobCasey,2010-07-27T18:38:20+00:00,"🚨BIG NEWS🚨

Today I'm introducing the 401Kids Savings Act, a new bill that will help younger Americans build wealth and a path toward the American Dream.

Let's take a look 🧵 https://t.co/MfID8OKuPM",14067.0,171598736.0,D,S
1752829338347581568,https://twitter.com/timkaine/status/1752829338347581568,2024-01-31 23:00:54+00:00,172858784,https://twitter.com/timkaine,timkaine,2010-07-30T20:00:32+00:00,"So let me get this straight:

Republicans want to ""fix"" the border but don't want to pass a bill to do so because they want to attack Biden over it.

AND now they don't want to pass a tax cut for families because it's an election year?

This isn't how we should be governing.",709006.0,172858784.0,D,S
1751683007667228848,https://twitter.com/timkaine/status/1751683007667228848,2024-01-28 19:05:48+00:00,172858784,https://twitter.com/timkaine,timkaine,2010-07-30T20:00:32+00:00,This is heartbreaking news. My prayers are with their loved ones today. We must do more to protect our servicemembers in the region—I'll keep pushing on this.,33392.0,172858784.0,D,S
1750248102488105008,https://twitter.com/MarkWarner/status/1750248102488105008,2024-01-24 20:04:00+00:00,7429102,https://twitter.com/MarkWarner,MarkWarner,2007-07-12T14:03:33+00:00,"Every single day that we delay aid is a boon for Vladimir Putin.

We need to stop playing right into the hands of this tyrant. We must pass a full aid package to Ukraine now.",164102.0,7429102.0,D,S
1780724171200188673,https://twitter.com/SenSchumer/status/1780724171200188673,2024-04-17 22:25:01+00:00,17494010,https://twitter.com/SenSchumer,SenSchumer,2008-11-19T20:10:20+00:00,Impeachment should NEVER be used to settle policy disagreements.,1502973.0,17494010.0,D,S
1754292307677913264,https://twitter.com/ChrisMurphyCT/status/1754292307677913264,2024-02-04 23:54:13+00:00,150078976,https://twitter.com/ChrisMurphyCT,ChrisMurphyCT,2010-05-31T01:22:43+00:00,"5/ A requirement the President to funnel asylum claims to the land ports of entry when more than 5,000 people cross a day. The border never closes, but claims must be processed at the ports.

This allows for a more a more orderly, humane asylum processing system.",1176964.0,150078976.0,D,S
1773768056050725203,https://twitter.com/SenatorCarper/status/1773768056050725203,2024-03-29 17:43:54+00:00,249787913,https://twitter.com/SenatorCarper,SenatorCarper,2011-02-09T19:46:42+00:00,"DYK: Every year, 900,000 Americans are affected by blood clots. 

During National Blood Clot Awareness Month, we must work to #StopTheClot, and I commend my wing woman in the House @RepLBR for working hard to raise awareness of this critical issue.",2943.0,249787913.0,D,S
1773747048363229234,https://twitter.com/ChrisCoons/status/1773747048363229234,2024-03-29 16:20:25+00:00,15324851,https://twitter.com/ChrisCoons,ChrisCoons,2008-07-05T11:17:54+00:00,"One American dies of a blood clot every six minutes. During #NationalBloodClotAwarenessMonth, let's learn to recognize the symptoms so we can #StoptheClot and save thousands of lives.",7226.0,15324851.0,D,S
1773089602691121203,https://twitter.com/ChrisCoons/status/1773089602691121203,2024-03-27 20:47:58+00:00,15324851,https://twitter.com/ChrisCoons,ChrisCoons,2008-07-05T11:17:54+00:00,"Proud to have worked with you and @RepLBR to deliver these funds for Delaware Coastal Airport, bringing job growth and new opportunities to Sussex County!",5590.0,15324851.0,D,S
1756338518664556860,https://twitter.com/SenatorCarper/status/1756338518664556860,2024-02-10 15:25:08+00:00,249787913,https://twitter.com/SenatorCarper,SenatorCarper,2011-02-09T19:46:42+00:00,"Happy birthday to my wing woman in the House, @RepLBR!

It’s always an honor to work alongside you to deliver for the First State. You truly have the heart of a servant &amp; inspire Delawareans every day with your tireless advocacy for our state. I’m lucky to count you as a friend. https://t.co/V9GfRb9hXm",2636.0,249787913.0,D,S
1773495386742948044,https://twitter.com/RonWyden/status/1773495386742948044,2024-03-28 23:40:24+00:00,250188760,https://twitter.com/RonWyden,RonWyden,2011-02-10T16:08:15+00:00,Gratified the green resilient retrofit program I worked with @RepBonamici to pass into law has produced this $7.2 million @HUDgov investment in Northwest Housing Alternatives and its low-income housing for seniors here in Portland and statewide https://t.co/W6lXkr4jNS,5246.0,250188760.0,D,S
1773425547881910291,https://twitter.com/RonWyden/status/1773425547881910291,2024-03-28 19:02:53+00:00,250188760,https://twitter.com/RonWyden,RonWyden,2011-02-10T16:08:15+00:00,With great allies here today in Portland at Neighborhood House like @RepBonamici @oregonfoodbank &amp; Ballmer Institute of @uoregon to put on a full-court press to pass an enhanced federal child tax credit before April 15. Kids and families are counting on it to make ends meet. https://t.co/dUX62Xtuig,4826.0,250188760.0,D,S
1772793337730482329,https://twitter.com/RonWyden/status/1772793337730482329,2024-03-27 01:10:43+00:00,250188760,https://twitter.com/RonWyden,RonWyden,2011-02-10T16:08:15+00:00,Proud to stand today in Portland with strong defenders of access to mifepristone like @ppsworegon @RepBonamici &amp; many other allies united to battle the far right’s cruel and anti-science schemes to keep ripping away reproductive care. https://t.co/3PSIOnHYtH,6588.0,250188760.0,D,S
1752440296900534646,https://twitter.com/PattyMurray/status/1752440296900534646,2024-01-30 21:15:00+00:00,293131808,https://twitter.com/PattyMurray,PattyMurray,2011-05-04T20:23:35+00:00,"The science has long been settled—mifepristone is safe &amp; effective.

I led 262 Democrats in Congress in urging SCOTUS to reverse the lower court ruling that would dramatically restrict access to the most common form of medication abortion in the U.S. https://t.co/UZgAXbFf5k",151878.0,293131808.0,D,S
1767942947851624751,https://twitter.com/PattyMurray/status/1767942947851624751,2024-03-13 15:57:00+00:00,293131808,https://twitter.com/PattyMurray,PattyMurray,2011-05-04T20:23:35+00:00,"REMINDER: Senate Republicans blocked our efforts to protect and expand access to IVF—twice!

Republicans have been abundantly clear that they do not support women being able to make their own decisions about when and how to start a family, even for veterans &amp; servicemembers.",17953.0,293131808.0,D,S
1760450578772033670,https://twitter.com/SenAlexPadilla/status/1760450578772033670,2024-02-21 23:45:00+00:00,1351236267707654145,https://twitter.com/SenAlexPadilla,SenAlexPadilla,2021-01-18T18:34:30+00:00,"After the discovery of waste barrels off the coast of CA, the need to understand their impacts is urgent.

@RepCarbajal &amp; I led our colleagues to call for long-term funding to understand the threat these findings pose to human health and ocean ecosystems. https://t.co/bSpjiVx2Jr",3558.0,1.351236267707654e+18,D,S
1742654024749588980,https://twitter.com/SenAlexPadilla/status/1742654024749588980,2024-01-03 21:07:51+00:00,1351236267707654145,https://twitter.com/SenAlexPadilla,SenAlexPadilla,2021-01-18T18:34:30+00:00,"🔥C-130 aircraft are crucial in the fight against wildfires.

That's why I fought with Rep. @KenCalvert to secure seven C-130s for @CAL_FIRE.

These planes will be essential for California to better respond to future wildfires.
https://t.co/FhI3XHvMdK",2916.0,1.351236267707654e+18,D,S
1760450578772033670,https://twitter.com/SenAlexPadilla/status/1760450578772033670,2024-02-21 23:45:00+00:00,1351236267707654145,https://twitter.com/SenAlexPadilla,SenAlexPadilla,2021-01-18T18:34:30+00:00,"After the discovery of waste barrels off the coast of CA, the need to understand their impacts is urgent.

@RepCarbajal &amp; I led our colleagues to call for long-term funding to understand the threat these findings pose to human health and ocean ecosystems. https://t.co/bSpjiVx2Jr",3558.0,1.351236267707654e+18,D,S
1743040861875929498,https://twitter.com/SenAlexPadilla/status/1743040861875929498,2024-01-04 22:45:00+00:00,1351236267707654145,https://twitter.com/SenAlexPadilla,SenAlexPadilla,2021-01-18T18:34:30+00:00,"Great to go down memory lane with my friend and colleague, @RepCardenas.

Read more about our journey from California colleagues to DC roommates.
https://t.co/hMXKZRG5Yf",3652.0,1.351236267707654e+18,D,S
1767706148365353135,https://twitter.com/SenMarkey/status/1767706148365353135,2024-03-13 00:16:02+00:00,21406834,https://twitter.com/SenMarkey,SenMarkey,2009-02-20T15:49:29+00:00,"Thanks to provisions from my LIFT Act with @RepTroyCarter, the Economic Development Administration reauthorization will empower communities to use grants for planning projects, not just for building them. Let's create economic opportunities developed by—not just for—communities.",3891.0,21406834.0,D,S
1774800166148620622,https://twitter.com/SenWarren/status/1774800166148620622,2024-04-01 14:05:08+00:00,970207298,https://twitter.com/SenWarren,SenWarren,2012-11-25T15:14:27+00:00,"Our food industry is highly concentrated, with only a few giant grocery chains calling the shots &amp; raising costs for consumers. I'm urging @FTC to revive strong enforcement of a law that could lead to lower food prices for families.
https://t.co/u9cvB1impj",106810.0,970207298.0,D,S
1773429524392194383,https://twitter.com/PattyMurray/status/1773429524392194383,2024-03-28 19:18:41+00:00,293131808,https://twitter.com/PattyMurray,PattyMurray,2011-05-04T20:23:35+00:00,Today I led 257 members of Congress in an amicus brief urging SCOTUS to find the federal law EMTALA requires hospitals to provide emergency stabilizing care—including emergency abortion care—regardless of Idaho’s draconian abortion restrictions.,55963.0,293131808.0,D,S
1759995620197052460,https://twitter.com/SenMarkey/status/1759995620197052460,2024-02-20 17:37:09+00:00,21406834,https://twitter.com/SenMarkey,SenMarkey,2009-02-20T15:49:29+00:00,"No one should be left without power during extreme weather events. We need @RepCasar, @RepAOC and my Connect the Grid Act to connect Texas to the national grid and bring clean, reliable power to the people.",13970.0,21406834.0,D,S
1768393558430519776,https://twitter.com/RonWyden/status/1768393558430519776,2024-03-14 21:47:34+00:00,250188760,https://twitter.com/RonWyden,RonWyden,2011-02-10T16:08:15+00:00,I agree. I have no confidence in Prime Minister Netanyahu’s ability to end this cycle of violence.,62693.0,250188760.0,D,S
1768340612611219504,https://twitter.com/SenSchumer/status/1768340612611219504,2024-03-14 18:17:10+00:00,17494010,https://twitter.com/SenSchumer,SenSchumer,2008-11-19T20:10:20+00:00,"Netanyahu lost his way by allowing his political survival to take precedence

He's in coalition with far-right extremists Smotrich &amp; Ben-Gvir

He's too willing to tolerate the Gaza civilian toll—pushing support for Israel to new lows

Israel can't survive if it becomes a pariah",493223.0,17494010.0,D,S
1773429524392194383,https://twitter.com/PattyMurray/status/1773429524392194383,2024-03-28 19:18:41+00:00,293131808,https://twitter.com/PattyMurray,PattyMurray,2011-05-04T20:23:35+00:00,Today I led 257 members of Congress in an amicus brief urging SCOTUS to find the federal law EMTALA requires hospitals to provide emergency stabilizing care—including emergency abortion care—regardless of Idaho’s draconian abortion restrictions.,55963.0,293131808.0,D,S
1768377813240098876,https://twitter.com/SenAlexPadilla/status/1768377813240098876,2024-03-14 20:45:00+00:00,1351236267707654145,https://twitter.com/SenAlexPadilla,SenAlexPadilla,2021-01-18T18:34:30+00:00,"The numbers are clear.

Immigrants are:

👷‍♀️Growing America's workforce
💰Paying taxes; and
💪Strengthening our economy
https://t.co/sh4VevnKpE https://t.co/MLBWPIY2qP",7636.0,1.351236267707654e+18,D,S
1767652390671368416,https://twitter.com/PattyMurray/status/1767652390671368416,2024-03-12 20:42:25+00:00,293131808,https://twitter.com/PattyMurray,PattyMurray,2011-05-04T20:23:35+00:00,"And there's our answer: Senate Republicans just BLOCKED my bill to expand access to IVF and family-building services for veterans and servicemembers.

Actions speak louder than words—and their actions made clear yet again that the GOP does not support IVF.",209304.0,293131808.0,D,S
1767646494394372182,https://twitter.com/PattyMurray/status/1767646494394372182,2024-03-12 20:19:00+00:00,293131808,https://twitter.com/PattyMurray,PattyMurray,2011-05-04T20:23:35+00:00,"I'm heading to the Senate floor right now to try and pass my bill to expand access to IVF and family-building services for veterans and servicemembers.

This is another chance for Senate Republicans to prove if they truly support IVF...",177235.0,293131808.0,D,S
1783236721674522954,https://twitter.com/SenDuckworth/status/1783236721674522954,2024-04-24 20:49:00+00:00,1058520120,https://twitter.com/SenDuckworth,SenDuckworth,2013-01-03T18:59:33+00:00,"You're pregnant and scared.
You're having a medical emergency.
Your health depends on an abortion.

Whether or not ER physicians can provide you with one is up for debate at the Supreme Court.

That's where we're at in post-Roe America.

And it's Donald Trump's fault.",269758.0,1058520120.0,D,S
1773429524392194383,https://twitter.com/PattyMurray/status/1773429524392194383,2024-03-28 19:18:41+00:00,293131808,https://twitter.com/PattyMurray,PattyMurray,2011-05-04T20:23:35+00:00,Today I led 257 members of Congress in an amicus brief urging SCOTUS to find the federal law EMTALA requires hospitals to provide emergency stabilizing care—including emergency abortion care—regardless of Idaho’s draconian abortion restrictions.,55963.0,293131808.0,D,S
1765920475111174199,https://twitter.com/SenWarren/status/1765920475111174199,2024-03-08 02:00:25+00:00,970207298,https://twitter.com/SenWarren,SenWarren,2012-11-25T15:14:27+00:00,"Look who I ran into on my way to the State of the Union! 

And we all agree it’s great that @POTUS Biden is canceling student debt for millions of Americans. https://t.co/jRW5j4smfn",188277.0,970207298.0,D,S
1779889168404934724,https://twitter.com/Senlaphonza/status/1779889168404934724,2024-04-15 15:07:01+00:00,1710331160063066113,https://twitter.com/Senlaphonza,Senlaphonza,2023-10-06T16:28:25+00:00,"We have a mental health crisis in this country, and underprivileged communities need the Affordable Connectivity Program (ACP) to access care. Congress must pass the ACP Extension Act of 2024 now to protect Americans’ mental health.

https://t.co/fhg9OhWsZ3",3549.0,1.710331160063066e+18,D,S
1763938046829899904,https://twitter.com/ChrisMurphyCT/status/1763938046829899904,2024-03-02 14:42:57+00:00,150078976,https://twitter.com/ChrisMurphyCT,ChrisMurphyCT,2010-05-31T01:22:43+00:00,"hey good morning

violent crime is plummeting

last year, a record 12% drop in urban murders; drops in assaults, rapes, and robberies

republicans and fox news are lying when they claim there is a crime wave

it's a total, complete right wing invention",440671.0,150078976.0,D,S
1763725519093121093,https://twitter.com/ChrisMurphyCT/status/1763725519093121093,2024-03-02 00:38:26+00:00,150078976,https://twitter.com/ChrisMurphyCT,ChrisMurphyCT,2010-05-31T01:22:43+00:00,"There is no crime surge caused by migrants. It's 100% made up. A right wing invention.

Violent crime is WAY DOWN. The drop in urban murders this year was the largest in the nation's history.

And data shows that migrants commit crimes at rate LOWER than those born here.",3198952.0,150078976.0,D,S
1753923038817443896,https://twitter.com/ChrisMurphyCT/status/1753923038817443896,2024-02-03 23:26:53+00:00,150078976,https://twitter.com/ChrisMurphyCT,ChrisMurphyCT,2010-05-31T01:22:43+00:00,House Republicans thought passing a border reform bill was really important right up until the point they realized it might actually happen. https://t.co/sHktOPyoPZ,282704.0,150078976.0,D,S
1753458081726398941,https://twitter.com/ChrisMurphyCT/status/1753458081726398941,2024-02-02 16:39:19+00:00,150078976,https://twitter.com/ChrisMurphyCT,ChrisMurphyCT,2010-05-31T01:22:43+00:00,"Republicans said the border is a priority and we should craft a bipartisan bill to help control the border. 

We did that. We have a deal. 

This weekend we will release the bill and vote next week. 

It’s decision time.",446278.0,150078976.0,D,S
1755627849636007988,https://twitter.com/MarkWarner/status/1755627849636007988,2024-02-08 16:21:11+00:00,7429102,https://twitter.com/MarkWarner,MarkWarner,2007-07-12T14:03:33+00:00,I’m disappointed to see the Commerce Cmte add additional slots at DCA to this year’s FAA reauthorization. Cramming more flights onto the busiest runway in America is a bad idea. We can’t let backroom deal-making by out-of-region senators steamroll the needs of DMV residents.,169598.0,7429102.0,D,S
1744512876520280426,https://twitter.com/SenWarren/status/1744512876520280426,2024-01-09 00:14:15+00:00,970207298,https://twitter.com/SenWarren,SenWarren,2012-11-25T15:14:27+00:00,"With funding from the Inflation Reduction Act, the IRS is going after wealthy tax cheats, improving customer service for taxpayers, and helping taxpayers get the refunds they deserve.
 
Republicans want to slash IRS funding.
 
I will fight tooth and nail to stop them.",202149.0,970207298.0,D,S
1780231909009678555,https://twitter.com/SenTinaSmith/status/1780231909009678555,2024-04-16 13:48:56+00:00,941000686275387392,https://twitter.com/SenTinaSmith,SenTinaSmith,2017-12-13T17:43:41+00:00,"Try asking a woman in Arizona or Texas whether Donald Trump’s plan to ‘leave abortion rights up to the states’ is working…..

Spoiler alert: it’s not.",28356.0,9.410006862753874e+17,D,S
1762960720172314865,https://twitter.com/PattyMurray/status/1762960720172314865,2024-02-28 21:59:24+00:00,293131808,https://twitter.com/PattyMurray,PattyMurray,2011-05-04T20:23:35+00:00,"BREAKING: Senate GOP just blocked our bill to protect the right to IVF.

Actions speak louder than words—and instead of standing with families, Republicans doubled down on their cruel agenda to control women's bodies.

Rest assured, this is not the end of this fight—far from it.",109526.0,293131808.0,D,S
1752369717631742331,https://twitter.com/ChrisCoons/status/1752369717631742331,2024-01-30 16:34:32+00:00,15324851,https://twitter.com/ChrisCoons,ChrisCoons,2008-07-05T11:17:54+00:00,Today would be a good day to pass aid for Ukraine.,11183.0,15324851.0,D,S
1750343855407325613,https://twitter.com/SenAlexPadilla/status/1750343855407325613,2024-01-25 02:24:29+00:00,1351236267707654145,https://twitter.com/SenAlexPadilla,SenAlexPadilla,2021-01-18T18:34:30+00:00,https://t.co/c1Fgch2gYL,104598.0,1.351236267707654e+18,D,S
1747650737759535580,https://twitter.com/PattyMurray/status/1747650737759535580,2024-01-17 16:03:00+00:00,293131808,https://twitter.com/PattyMurray,PattyMurray,2011-05-04T20:23:35+00:00,"As a doctor in Texas, Dr. Austin Dennard has seen firsthand how cruel state abortion bans are blocking women from getting the health care they need and putting their lives in danger.

She too was forced to seek care out of state—&amp; her courage to tell her story is inspiring. https://t.co/gkP88kQczQ",45520.0,293131808.0,D,S
1782941428403880007,https://twitter.com/ChrisMurphyCT/status/1782941428403880007,2024-04-24 01:15:36+00:00,150078976,https://twitter.com/ChrisMurphyCT,ChrisMurphyCT,2010-05-31T01:22:43+00:00,Biden is so old he just got every dime of Ukraine aid and humanitarian relief he asked for despite Republican and Trump resistance and along the way he managed to flip the politics on immigration just for the hell of it.,652286.0,150078976.0,D,S
1752440296900534646,https://twitter.com/PattyMurray/status/1752440296900534646,2024-01-30 21:15:00+00:00,293131808,https://twitter.com/PattyMurray,PattyMurray,2011-05-04T20:23:35+00:00,"The science has long been settled—mifepristone is safe &amp; effective.

I led 262 Democrats in Congress in urging SCOTUS to reverse the lower court ruling that would dramatically restrict access to the most common form of medication abortion in the U.S. https://t.co/UZgAXbFf5k",151878.0,293131808.0,D,S
1748022346814828661,https://twitter.com/SenatorBennet/status/1748022346814828661,2024-01-18 16:39:38+00:00,224285242,https://twitter.com/SenatorBennet,SenatorBennet,2010-12-08T16:29:29+00:00,"As CO experiences a surge of migrants, many of our communities &amp; nonprofits are struggling to meet humanitarian needs.

WATCH as I join @SenatorHick, @RepJasonCrow, @RepPettersen &amp; @MikeJohnstonCO to urge Congress to help our state handle this challenge.
 https://t.co/qaCsxrkKJL",32846.0,224285242.0,D,S
1779271515277504873,https://twitter.com/SenSchumer/status/1779271515277504873,2024-04-13 22:12:41+00:00,17494010,https://twitter.com/SenSchumer,SenSchumer,2008-11-19T20:10:20+00:00,"As Israel is under attack from Iran, we stand with Israel and its people, and the United States will do everything we can to support Israel’s defense against Iran.",3616867.0,17494010.0,D,S
1760696959180919148,https://twitter.com/SenWarren/status/1760696959180919148,2024-02-22 16:04:01+00:00,970207298,https://twitter.com/SenWarren,SenWarren,2012-11-25T15:14:27+00:00,"The Trump-appointed extremists on the Supreme Court tried to stop @POTUS from canceling student debt. But President Biden kept fighting &amp; has already canceled debt for nearly 4 million people, including for nearly 800,000 public servants. This is what good government looks like. https://t.co/smpustgNZD",545696.0,970207298.0,D,S
1768345006115352768,https://twitter.com/SenSchumer/status/1768345006115352768,2024-03-14 18:34:38+00:00,17494010,https://twitter.com/SenSchumer,SenSchumer,2008-11-19T20:10:20+00:00,"As a lifelong supporter of Israel, it has become clear to me:

The Netanyahu coalition no longer fits the needs of Israel after October 7.

The world has changed radically since then, and the Israeli people are being stifled right now by a governing vision stuck in the past. https://t.co/jvjm6o0JPA",914133.0,17494010.0,D,S
1770784169771049003,https://twitter.com/PattyMurray/status/1770784169771049003,2024-03-21 12:07:00+00:00,293131808,https://twitter.com/PattyMurray,PattyMurray,2011-05-04T20:23:35+00:00,I’ve made clear child care is a top priority for just about every family and must also be a top priority for Congress—and I fought hard to get $1 billion more in the government funding bills to lower families’ child care costs and support Head Start. https://t.co/qGpO0bUF9h https://t.co/1Lrrz6r6S4,7452.0,293131808.0,D,S
1754970690082504821,https://twitter.com/ChrisMurphyCT/status/1754970690082504821,2024-02-06 20:49:52+00:00,150078976,https://twitter.com/ChrisMurphyCT,ChrisMurphyCT,2010-05-31T01:22:43+00:00,"Republicans before our border deal: WE NEED LEGISLATION TO FIX BORDER!

Republicans after our border deal: KILL ANY BIPARTISAN DEAL TO FIX THE BORDER! https://t.co/pNWWgXF4uM",77220.0,150078976.0,D,S
1764022905816457508,https://twitter.com/SenFettermanPA/status/1764022905816457508,2024-03-02 20:20:09+00:00,1612264272364453888,https://twitter.com/SenFettermanPA,SenFettermanPA,2023-01-09T01:45:48+00:00,"My team is in contact with @NTSB regarding today’s derailment in Bethlehem to assess the damage. 

How many more derailments do we need before the Senate finally passes my Railway Safety Act to hold companies like Norfolk Southern accountable? 

I’ve been ready to vote YES.",44328.0,1.612264272364454e+18,D,S
1763606624718184605,https://twitter.com/SenSherrodBrown/status/1763606624718184605,2024-03-01 16:46:00+00:00,43910797,https://twitter.com/SenSherrodBrown,SenSherrodBrown,2009-06-01T16:07:45+00:00,"One year ago, we introduced bipartisan rail safety legislation to hold big railroads accountable for derailments.

Every day Congress waits to pass it, they are failing the people of East Palestine. Trains won’t be safe until we pass our Railway Safety Act.",13950.0,43910797.0,D,S
1779271515277504873,https://twitter.com/SenSchumer/status/1779271515277504873,2024-04-13 22:12:41+00:00,17494010,https://twitter.com/SenSchumer,SenSchumer,2008-11-19T20:10:20+00:00,"As Israel is under attack from Iran, we stand with Israel and its people, and the United States will do everything we can to support Israel’s defense against Iran.",3617098.0,17494010.0,D,S
1754292307677913264,https://twitter.com/ChrisMurphyCT/status/1754292307677913264,2024-02-04 23:54:13+00:00,150078976,https://twitter.com/ChrisMurphyCT,ChrisMurphyCT,2010-05-31T01:22:43+00:00,"5/ A requirement the President to funnel asylum claims to the land ports of entry when more than 5,000 people cross a day. The border never closes, but claims must be processed at the ports.

This allows for a more a more orderly, humane asylum processing system.",1176978.0,150078976.0,D,S
1757446576715247956,https://twitter.com/SenSchumer/status/1757446576715247956,2024-02-13 16:48:10+00:00,17494010,https://twitter.com/SenSchumer,SenSchumer,2008-11-19T20:10:20+00:00,"If Speaker Johnson brings this national security bill to the floor, it'll pass with bipartisan support

Speaker Johnson: Bring it to the floor

If the hard right kills the bill, it'd be a gift to Putin, a betrayal of our partners and allies, an abandonment of our service members",490482.0,17494010.0,D,S
1755369650085413296,https://twitter.com/SenSchumer/status/1755369650085413296,2024-02-07 23:15:12+00:00,17494010,https://twitter.com/SenSchumer,SenSchumer,2008-11-19T20:10:20+00:00,"Happy Dominican Heritage Month!

I joined my friend @RepEspaillat—the first Dominican American ever elected to Congress—for the 6th Annual Dominicans on the Hill event!

I’m so proud that New York is home to the largest, most diverse Dominican American community in the nation. https://t.co/k1MbS6Z3na",84899.0,17494010.0,D,S
1773429524392194383,https://twitter.com/PattyMurray/status/1773429524392194383,2024-03-28 19:18:41+00:00,293131808,https://twitter.com/PattyMurray,PattyMurray,2011-05-04T20:23:35+00:00,Today I led 257 members of Congress in an amicus brief urging SCOTUS to find the federal law EMTALA requires hospitals to provide emergency stabilizing care—including emergency abortion care—regardless of Idaho’s draconian abortion restrictions.,56002.0,293131808.0,D,S
1770072605124337997,https://twitter.com/SenBobCasey/status/1770072605124337997,2024-03-19 12:59:30+00:00,171598736,https://twitter.com/SenBobCasey,SenBobCasey,2010-07-27T18:38:20+00:00,"Thanks to the Inflation Reduction Act, certain vaccines are now free for Medicare Part D beneficiaries. 

Learn more about how the Inflation Reduction Act is lowering prescription drug costs 👇
https://t.co/m0TppAS8Mr https://t.co/pC9PGaImdb",7932.0,171598736.0,D,S
1767250527769833643,https://twitter.com/SenBobCasey/status/1767250527769833643,2024-03-11 18:05:34+00:00,171598736,https://twitter.com/SenBobCasey,SenBobCasey,2010-07-27T18:38:20+00:00,"🚨BREAKING: @RepDwightEvans, @RepBrendanBoyle, @PhillyMayor and I secured federal funding to reconnect Philadelphia's Chinatown neighborhood, which was split apart by the Vine Street Expressway decades ago. 👇

https://t.co/01ARAD8Y2k",6211.0,171598736.0,D,S
1765533960476484042,https://twitter.com/SenBobCasey/status/1765533960476484042,2024-03-07 00:24:32+00:00,171598736,https://twitter.com/SenBobCasey,SenBobCasey,2010-07-27T18:38:20+00:00,I’m praying for the victims of today's shooting in the Burholme neighborhood in Philadelphia. Our children should not be forced to grow up in a country where they are at risk of being shot any time they go out in public. Congress must act to curb gun violence and we must act now.,31559.0,171598736.0,D,S
1762540546369699952,https://twitter.com/timkaine/status/1762540546369699952,2024-02-27 18:09:47+00:00,172858784,https://twitter.com/timkaine,timkaine,2010-07-30T20:00:32+00:00,"Democrats have been sounding the alarm about threats to IVF for years.

We even tried to pass a bill to protect IVF back in 2022. Senate Republicans blocked it.

Republicans may say they want to protect IVF, but their actions show otherwise.",22680.0,172858784.0,D,S
1752871609591849151,https://twitter.com/SenBobCasey/status/1752871609591849151,2024-02-01 01:48:53+00:00,171598736,https://twitter.com/SenBobCasey,SenBobCasey,2010-07-27T18:38:20+00:00,"I fought to expand the Child Tax Credit in the American Rescue Plan and to renew the expansion again since it expired. This bipartisan deal is an important step towards helping working families, while also supporting PA businesses. Now it’s the Senate’s turn to get this done.",40420.0,171598736.0,D,S
1752440296900534646,https://twitter.com/PattyMurray/status/1752440296900534646,2024-01-30 21:15:00+00:00,293131808,https://twitter.com/PattyMurray,PattyMurray,2011-05-04T20:23:35+00:00,"The science has long been settled—mifepristone is safe &amp; effective.

I led 262 Democrats in Congress in urging SCOTUS to reverse the lower court ruling that would dramatically restrict access to the most common form of medication abortion in the U.S. https://t.co/UZgAXbFf5k",151879.0,293131808.0,D,S
1775927646565605459,https://twitter.com/SenDuckworth/status/1775927646565605459,2024-04-04 16:45:20+00:00,1058520120,https://twitter.com/SenDuckworth,SenDuckworth,2013-01-03T18:59:33+00:00,"56 years ago, we lost a guiding light in the movement for racial justice and equity. 

It's on each of us to uphold Dr. Martin Luther King, Jr.'s legacy and ensure his dream becomes a reality for all Americans. https://t.co/QOMr7iw1fz",12440.0,1058520120.0,D,S
1772628449602969906,https://twitter.com/SenDuckworth/status/1772628449602969906,2024-03-26 14:15:30+00:00,1058520120,https://twitter.com/SenDuckworth,SenDuckworth,2013-01-03T18:59:33+00:00,"Today, the Supreme Court will hear oral arguments that could determine the fate of mifepristone in America.

The same Supreme Court that already threw out Roe v. Wade.

As many worry what might come next, it’s clear:

Congress must protect reproductive freedom for all.",16424.0,1058520120.0,D,S
1765927938631893390,https://twitter.com/SenatorDurbin/status/1765927938631893390,2024-03-08 02:30:04+00:00,247334603,https://twitter.com/SenatorDurbin,SenatorDurbin,2011-02-04T15:50:42+00:00,"For more than two years, brave Ukrainians have fought off one of the most powerful militaries in the world—and sacrificed their lives to do it.

America must always stand up for democracy, and we must help Ukraine prevail against Russian tyranny. #SOTU",5248.0,247334603.0,D,S
1765111787651833981,https://twitter.com/SenatorDurbin/status/1765111787651833981,2024-03-05 20:26:59+00:00,247334603,https://twitter.com/SenatorDurbin,SenatorDurbin,2011-02-04T15:50:42+00:00,"Adeel Mangi is a highly qualified judicial nominee, and the Islamophobic insinuations from Senate Judiciary Republicans have no merit.

I look forward to his historic confirmation. https://t.co/2aGWskFWrA",12240.0,247334603.0,D,S
1762635271995060599,https://twitter.com/SenatorDurbin/status/1762635271995060599,2024-02-28 00:26:11+00:00,247334603,https://twitter.com/SenatorDurbin,SenatorDurbin,2011-02-04T15:50:42+00:00,"Let’s be clear: Republicans cannot be the “pro-life, pro-family party” when they’re actively preventing women from using modern science to start a family.

The Alabama Supreme Court decision is a disgrace. In vitro fertilization is a necessity for many families.",42529.0,247334603.0,D,S
1757806958403256630,https://twitter.com/SenatorDurbin/status/1757806958403256630,2024-02-14 16:40:12+00:00,247334603,https://twitter.com/SenatorDurbin,SenatorDurbin,2011-02-04T15:50:42+00:00,"It seems that Republican loyalty to the courageous Ukrainians is worth less than loyalty to the Putin apologist-in-chief, Donald Trump.",16725.0,247334603.0,D,S
1753183288900845880,https://twitter.com/SenatorDurbin/status/1753183288900845880,2024-02-01 22:27:23+00:00,247334603,https://twitter.com/SenatorDurbin,SenatorDurbin,2011-02-04T15:50:42+00:00,"Predatory for-profit colleges rake in billions in taxpayer dollars while failing to provide a quality education and saddling students in debt.

My Proprietary Education Oversight Task Force Act will help federal agencies coordinate enforcement to hold these schools accountable.",9393.0,247334603.0,D,S
1752440296900534646,https://twitter.com/PattyMurray/status/1752440296900534646,2024-01-30 21:15:00+00:00,293131808,https://twitter.com/PattyMurray,PattyMurray,2011-05-04T20:23:35+00:00,"The science has long been settled—mifepristone is safe &amp; effective.

I led 262 Democrats in Congress in urging SCOTUS to reverse the lower court ruling that would dramatically restrict access to the most common form of medication abortion in the U.S. https://t.co/UZgAXbFf5k",151879.0,293131808.0,D,S
1751682394917147131,https://twitter.com/SenDuckworth/status/1751682394917147131,2024-01-28 19:03:22+00:00,1058520120,https://twitter.com/SenDuckworth,SenDuckworth,2013-01-03T18:59:33+00:00,"I am tracking this heinous, Iran-backed attack closely. My heart goes out to the family and loved ones of the three American servicemembers killed—and to all those injured—while bravely serving their nation and working to keep the rest of us safe.",56321.0,1058520120.0,D,S
1747417335026053199,https://twitter.com/SenDuckworth/status/1747417335026053199,2024-01-17 00:35:32+00:00,1058520120,https://twitter.com/SenDuckworth,SenDuckworth,2013-01-03T18:59:33+00:00,"When Democrats expanded the Child Tax Credit, we lifted millions of children out of poverty with the stroke of a pen.

We know it works.

Now, with this bipartisan deal, we can bring it back.",50774.0,1058520120.0,D,S
1745856640966869097,https://twitter.com/SenatorBaldwin/status/1745856640966869097,2024-01-12 17:13:54+00:00,1074518754,https://twitter.com/SenatorBaldwin,SenatorBaldwin,2013-01-09T18:29:44+00:00,"Great to have you on board, @Repgallagher! I couldn’t agree more — every @Packers fan in Wisconsin should be able to watch the Green and Gold, no matter where they live in the state!",9575.0,1074518754.0,D,S
1781003942769414144,https://twitter.com/SenMarkKelly/status/1781003942769414144,2024-04-18 16:56:44+00:00,1324926274888888320,https://twitter.com/SenMarkKelly,SenMarkKelly,2020-11-07T04:12:32+00:00,"We must tap into all federal resources available to combat the historic drought in Arizona and the West.

Today, I introduced legislation to allow the Army Corps of Engineers to partner with communities experiencing drought to help conserve water resources.https://t.co/Hc9MjpFKtO",8211.0,1.3249262748888883e+18,D,S
1768628765645492271,https://twitter.com/SenWarren/status/1768628765645492271,2024-03-15 13:22:11+00:00,970207298,https://twitter.com/SenWarren,SenWarren,2012-11-25T15:14:27+00:00,"The new Sentinel nuclear missile program is 2 years behind schedule and already costs billions more than expected.
 
The Pentagon misled Congress and owes the American people an explanation.
 
@RepGaramendi and I are pressing for answers. https://t.co/FslYOq4pZV",58882.0,970207298.0,D,S
